id,action,raw_message_id,created_at,updated_at
1,from_redis,1,10/12/2014 01:10:41,10/12/2014 01:10:41
2,from_redis,2,10/12/2014 01:10:41,10/12/2014 01:10:41
3,from_redis,3,10/12/2014 01:10:41,10/12/2014 01:10:41
4,from_redis,4,10/12/2014 01:10:41,10/12/2014 01:10:41
5,from_redis,5,10/12/2014 01:10:41,10/12/2014 01:10:41
6,from_redis,6,10/12/2014 01:10:41,10/12/2014 01:10:41
7,from_redis,7,10/12/2014 01:10:41,10/12/2014 01:10:41
8,from_redis,8,10/12/2014 01:10:41,10/12/2014 01:10:41
9,from_redis,9,10/12/2014 01:10:41,10/12/2014 01:10:41
10,from_redis,10,10/12/2014 01:10:41,10/12/2014 01:10:41
11,from_redis,11,10/12/2014 01:10:41,10/12/2014 01:10:41
12,from_redis,12,10/12/2014 01:10:41,10/12/2014 01:10:41
13,from_redis,13,10/12/2014 01:10:41,10/12/2014 01:10:41
14,from_redis,14,10/12/2014 01:10:41,10/12/2014 01:10:41
15,from_redis,15,10/12/2014 01:10:41,10/12/2014 01:10:41
16,from_redis,16,10/12/2014 01:10:41,10/12/2014 01:10:41
17,from_redis,17,10/12/2014 01:10:41,10/12/2014 01:10:41
18,from_redis,18,10/12/2014 01:10:41,10/12/2014 01:10:41
19,from_redis,19,10/12/2014 01:10:41,10/12/2014 01:10:41
20,from_redis,20,10/12/2014 01:10:41,10/12/2014 01:10:41
21,from_redis,21,10/12/2014 01:10:41,10/12/2014 01:10:41
22,from_redis,22,10/12/2014 01:10:41,10/12/2014 01:10:41
23,from_redis,23,10/12/2014 01:10:41,10/12/2014 01:10:41
24,from_redis,24,10/12/2014 01:10:41,10/12/2014 01:10:41
25,from_redis,25,10/12/2014 01:10:41,10/12/2014 01:10:41
26,from_redis,26,10/12/2014 01:10:41,10/12/2014 01:10:41
27,from_redis,27,10/12/2014 01:10:41,10/12/2014 01:10:41
28,from_redis,28,10/12/2014 01:10:41,10/12/2014 01:10:41
29,from_redis,29,10/12/2014 01:10:41,10/12/2014 01:10:41
30,from_redis,30,10/12/2014 01:10:41,10/12/2014 01:10:41
31,from_redis,31,10/12/2014 01:10:41,10/12/2014 01:10:41
32,from_redis,32,10/12/2014 01:10:41,10/12/2014 01:10:41
33,from_redis,33,10/12/2014 01:10:41,10/12/2014 01:10:41
34,from_redis,34,10/12/2014 01:10:41,10/12/2014 01:10:41
35,from_redis,35,10/12/2014 01:10:41,10/12/2014 01:10:41
36,from_redis,36,10/12/2014 01:10:41,10/12/2014 01:10:41
37,from_redis,37,10/12/2014 01:10:41,10/12/2014 01:10:41
38,from_redis,38,10/12/2014 01:10:41,10/12/2014 01:10:41
39,from_redis,39,10/12/2014 01:10:41,10/12/2014 01:10:41
40,from_redis,40,10/12/2014 01:10:41,10/12/2014 01:10:41
41,from_redis,41,10/12/2014 01:10:41,10/12/2014 01:10:41
